{
  "seed": 801180500,
  "sun_angle": 1.4074341,
  "player_position": [
    77.92602,
    11.0,
    42.54341
  ],
  "player_yaw": 21.600006,
  "player_pitch": -3.6999967
}